Trials,No_Shuffle(s),Shuffle_1Block(s),Shuffle_2Blocks(s)
100,0.000159,0.000168,0.000125
500,0.000750,0.000783,0.000628
1000,0.002233,0.001599,0.002013
5000,0.008664,0.009096,0.007271
10000,0.018238,0.017248,0.012339
20000,0.029387,0.031389,0.024770
50000,0.075256,0.078879,0.060205
100000,0.146461,0.157037,0.119537
