Trials,No_Shuffle(s),Shuffle_1Block(s),Shuffle_2Blocks(s)
100,0.000201,0.000212,0.000161
500,0.000987,0.001063,0.000826
1000,0.002014,0.002119,0.001495
5000,0.008856,0.008922,0.006406
10000,0.015273,0.015737,0.011974
20000,0.029237,0.031310,0.024592
50000,0.073271,0.078300,0.059960
100000,0.148374,0.156690,0.119581
