Trials,No_Shuffle(s),Shuffle_1Block(s),Shuffle_2Blocks(s)
100,0.000217,0.000230,0.000176
500,0.001072,0.001556,0.001490
1000,0.003369,0.003346,0.002565
5000,0.013810,0.012443,0.008465
10000,0.017841,0.017141,0.012334
20000,0.029403,0.031581,0.023967
50000,0.073478,0.078694,0.060635
100000,0.146960,0.158389,0.119976
